{"LUZGWAP": {"hidden_size": 16, "lr": 0.001315475815482608, "weight_decay": 3.9863001431867646e-05, "dropout": 0.1515248635234319, "activation_fn": "tanh", "activation_fn1": "identity", "seed": 1, "num_layers": 1, "patience": 20, "factor": 0.4909551621922451, "seq_len": 15, "batch_size": 64, "norm_layer_type": "batch_norm", "lambda_reg": 0.007839217674750766, "name": "LUZGWAP"}, "LUZLWAP": {"hidden_size": 16, "lr": 0.000990067375119654, "weight_decay": 4.0789171864583185e-05, "dropout": 0.12139863523307821, "activation_fn": "tanh", "activation_fn1": "identity", "seed": 1, "num_layers": 1, "patience": 20, "factor": 0.4791368235033872, "seq_len": 15, "batch_size": 64, "norm_layer_type": "batch_norm", "lambda_reg": 0.009320379023432033, "name": "LUZLWAP"}, "VISGWAP": {"hidden_size": 128, "lr": 0.008903471842707046, "weight_decay": 0.0015970591118314261, "dropout": 0.02970191610442231, "activation_fn": "tanh", "activation_fn1": "sigmoid", "seed": 1, "num_layers": 2, "patience": 10, "factor": 0.4786590453319073, "seq_len": 15, "batch_size": 32, "norm_layer_type": "batch_norm", "lambda_reg": 5.6332205319516396e-05, "name": "VISGWAP"}, "VISLWAP": {"hidden_size": 512, "lr": 0.00484573152846586, "weight_decay": 0.00010868975847329768, "dropout": 0.1879383523864218, "activation_fn": "tanh", "activation_fn1": "sigmoid", "seed": 1, "num_layers": 1, "patience": 20, "factor": 0.14946338185275593, "seq_len": 11, "batch_size": 64, "norm_layer_type": "batch_norm", "lambda_reg": 8.025113943706472e-05, "name": "VISLWAP"}, "MINGWAP": {"hidden_size": 32, "lr": 0.0098672565506931, "weight_decay": 0.004691034846389988, "dropout": 0.2220082934401015, "activation_fn": "tanh", "activation_fn1": "sigmoid", "seed": 1, "num_layers": 1, "patience": 20, "factor": 0.23342054298659004, "seq_len": 5, "batch_size": 128, "norm_layer_type": "batch_norm", "lambda_reg": 0.001452080922602551, "name": "MINGWAP"}, "MINLWAP": {"hidden_size": 64, "lr": 0.0069541216576573, "weight_decay": 0.0002816581873765592, "dropout": 0.023261211728702255, "activation_fn": "tanh", "activation_fn1": "sigmoid", "seed": 1, "num_layers": 1, "patience": 20, "factor": 0.21077804698455688, "seq_len": 15, "batch_size": 64, "norm_layer_type": "batch_norm", "lambda_reg": 0.0007375888202534606, "name": "MINLWAP"}}